{
	"partitions" : [
		{
			"name" : "Top",
			"pins" : [
				{
					"name" : "HEX0[0]",
					"strict" : false
				},
				{
					"name" : "HEX0[1]",
					"strict" : false
				},
				{
					"name" : "HEX0[2]",
					"strict" : false
				},
				{
					"name" : "HEX0[3]",
					"strict" : false
				},
				{
					"name" : "HEX0[4]",
					"strict" : false
				},
				{
					"name" : "HEX0[5]",
					"strict" : false
				},
				{
					"name" : "HEX0[6]",
					"strict" : false
				},
				{
					"name" : "HEX1[0]",
					"strict" : false
				},
				{
					"name" : "HEX1[1]",
					"strict" : false
				},
				{
					"name" : "HEX1[2]",
					"strict" : false
				},
				{
					"name" : "HEX1[3]",
					"strict" : false
				},
				{
					"name" : "HEX1[4]",
					"strict" : false
				},
				{
					"name" : "HEX1[5]",
					"strict" : false
				},
				{
					"name" : "HEX1[6]",
					"strict" : false
				},
				{
					"name" : "HEX2[0]",
					"strict" : false
				},
				{
					"name" : "HEX2[1]",
					"strict" : false
				},
				{
					"name" : "HEX2[2]",
					"strict" : false
				},
				{
					"name" : "HEX2[3]",
					"strict" : false
				},
				{
					"name" : "HEX2[4]",
					"strict" : false
				},
				{
					"name" : "HEX2[5]",
					"strict" : false
				},
				{
					"name" : "HEX2[6]",
					"strict" : false
				},
				{
					"name" : "HEX3[0]",
					"strict" : false
				},
				{
					"name" : "HEX3[1]",
					"strict" : false
				},
				{
					"name" : "HEX3[2]",
					"strict" : false
				},
				{
					"name" : "HEX3[3]",
					"strict" : false
				},
				{
					"name" : "HEX3[4]",
					"strict" : false
				},
				{
					"name" : "HEX3[5]",
					"strict" : false
				},
				{
					"name" : "HEX3[6]",
					"strict" : false
				},
				{
					"name" : "Clk",
					"strict" : false
				},
				{
					"name" : "Continue",
					"strict" : false
				},
				{
					"name" : "Run",
					"strict" : false
				},
				{
					"name" : "SW[0]",
					"strict" : false
				},
				{
					"name" : "SW[1]",
					"strict" : false
				},
				{
					"name" : "SW[2]",
					"strict" : false
				},
				{
					"name" : "SW[3]",
					"strict" : false
				},
				{
					"name" : "SW[4]",
					"strict" : false
				},
				{
					"name" : "SW[5]",
					"strict" : false
				},
				{
					"name" : "SW[6]",
					"strict" : false
				},
				{
					"name" : "SW[7]",
					"strict" : false
				},
				{
					"name" : "SW[8]",
					"strict" : false
				},
				{
					"name" : "SW[9]",
					"strict" : false
				}
			]
		}
	]
}